transcription,true_symbolism,pred_symbolism,true_language,pred_language,emb_0,emb_1,emb_2,emb_3,emb_4,emb_5,emb_6,emb_7,emb_8,emb_9,emb_10,emb_11,emb_12,emb_13,emb_14,emb_15,emb_16,emb_17,emb_18,emb_19,emb_20,emb_21,emb_22,emb_23,emb_24,emb_25,emb_26,emb_27,emb_28,emb_29,emb_30,emb_31
ləɡʱu,0,0,1,0,0.02109406,-0.4040462,0.72297,1.1381642,-0.044167724,0.07623709,0.75616795,1.3573056,-0.29312387,0.13161363,0.33722895,-0.10924453,0.340477,-0.2092048,-0.43939567,0.052880637,-0.529765,-0.58886087,-0.6142658,0.7537455,0.17624052,-0.7940901,-0.3895131,-0.00078653125,0.4267994,-0.25646988,0.9506213,0.5346157,-0.2818307,-0.74635184,0.76097226,-0.8270961
nɑzʊk,0,1,1,0,0.13125615,-0.41620725,0.89903027,0.65329266,0.05404513,0.50594527,0.77757674,1.311538,-0.19806208,0.15073416,-0.10293089,-0.2830513,0.55882025,0.08048659,-0.4743016,0.27689356,0.22182803,-0.15903257,-0.75117654,0.98551077,-0.21719697,0.17093703,-0.7664533,-0.31721693,-0.22071585,-0.19437219,0.535502,0.7497845,-0.27392095,-0.22820573,0.31544983,0.45599964
nɑbɑlɪɡ,0,0,1,0,0.2337899,-0.19394064,0.84712887,1.0920395,0.009529284,0.31273052,0.80955875,1.3548527,-0.19596095,0.39016882,-0.20572855,-0.222642,0.2815146,0.118197694,-0.29492608,-0.16806278,0.0655077,-0.50270224,-0.6130021,0.6634771,-0.28283703,-0.028379295,-1.0870923,-0.09583445,0.37745747,-0.026549432,0.79058504,0.9447271,-0.27527833,-0.3010557,0.3002411,-0.009866685
ɡɛhɛɾɑ,1,1,1,0,0.2561838,-0.21560544,0.67980915,0.8828102,0.110297546,0.3138561,0.929688,0.8486442,-0.20468399,0.57106924,-0.21373884,-0.38666734,0.07566431,0.42636704,-0.711873,0.07180149,0.2829862,-0.25655183,-0.76290846,0.6186495,-0.25989783,0.36846966,-0.87694263,-0.101481184,0.16340828,0.2788582,0.91407734,0.7012169,-0.16827156,-0.1956357,0.42055932,-0.05684238
stul,1,0,1,0,0.19007576,-0.3555681,0.75493354,1.0887103,-0.15929049,0.04274938,0.790202,1.1882572,0.10524243,0.1311237,0.35446426,0.11771513,0.1279184,-0.42477137,-0.627389,0.25532132,-0.2384781,-0.66152185,-0.54980695,0.7341722,0.025902173,-0.4365529,-0.5271804,-0.08891173,0.33878636,-0.19158368,1.0836008,0.6117076,-0.40996766,-0.5889761,0.84733313,-1.075346
sməɾnɑɾt,1,1,1,0,-0.09153208,-0.28092822,1.0701468,1.1995463,0.1024053,0.22657423,0.7691625,1.5425699,-0.41225037,0.075694844,-0.22771327,0.120391265,0.46458045,0.4198625,-0.20803088,-0.20411474,-0.11432044,-0.3229869,-0.8357709,0.8342009,0.10220075,-0.147848,-0.95755476,0.3124413,0.28076154,-0.36559844,0.9955682,0.76421726,0.17676249,-0.33609694,0.30958906,0.2963583
kul,0,0,2,0,0.30568865,-0.22040862,0.79304,0.86631787,-0.22126125,-0.034407273,0.8662462,0.91761607,0.2533185,0.10873506,0.38148233,0.16975304,-0.026158271,-0.525836,-0.6681902,0.35798526,-0.18901068,-0.6167121,-0.5587121,0.6519054,0.03306755,-0.31402254,-0.6014942,-0.22992776,0.34852225,-0.073872164,1.0132878,0.70023847,-0.42369726,-0.49383765,0.8331186,-1.0680465
aɾpa,0,1,2,0,-0.075054936,-0.3698549,0.6869387,0.6450779,0.42579457,0.24106787,0.79043645,0.8274516,-0.5715154,0.5082147,0.37430376,-0.44232693,0.04720277,0.28943378,-0.7839736,0.34437197,-0.16329792,-0.19960459,-0.8956207,0.7269708,0.26039633,-0.18220067,0.13849267,-0.2033474,-0.17240278,0.09572408,0.9136592,0.1897753,0.059676386,-0.59124196,0.8650726,-0.14047131
kuʈːi,0,1,2,0,-0.07008103,-0.26666537,1.1193925,0.71579266,-0.24287485,-0.090333216,0.6851619,1.2450975,0.055454742,0.10078034,0.082040966,0.2271494,-0.060016,-0.008860057,-0.47674185,0.6312066,0.08338325,-0.49435252,-1.0023648,0.727683,-0.023279367,-0.09468689,-0.8826189,-0.14761159,0.42970487,-0.5533976,1.2747824,0.8930324,-0.14036168,-0.27344295,0.66058075,-0.18753822
poʈi,1,1,2,0,-0.3063174,-0.6764706,0.89263237,0.63751554,0.21930234,0.04421843,0.44928506,0.8656624,-0.29046696,0.20478925,0.1534546,0.013994606,-0.19522826,0.29086012,-0.43653384,0.52698153,-0.24175479,-0.24958956,-0.84578705,0.6194101,0.066235974,-0.31925857,-0.47197828,0.22216162,-0.005103562,-0.3287136,1.1000992,0.3110692,-0.041164797,-0.47742856,0.75519556,-0.4856829
paɾutːa,1,0,2,0,0.0070985625,-0.41753492,0.66179,0.64575773,0.055713475,0.11287273,0.71996063,0.87214386,0.023900393,0.41606376,0.41154107,-0.26179856,0.027860286,-0.03227068,-0.97231424,0.53640497,0.004077806,-0.39021578,-0.67818326,0.7571657,0.029183926,0.0040215766,0.073117405,-0.23728152,-0.13824002,0.0019827215,1.0560104,0.3586708,-0.1373074,-0.5499179,0.8879884,-0.7793491
ʋiɾinta,1,1,2,0,0.39033562,-0.37807882,0.78316265,0.87853307,0.024184907,0.4516876,0.83184594,1.4044398,-0.23239599,0.18234554,-0.24368663,-0.086177275,0.36285067,0.38916895,-0.50854295,-0.19187708,0.40669224,-0.466428,-0.7851512,0.78805256,-0.017489532,0.106818445,-0.8538869,-0.07911699,-0.089486,-0.09432044,0.5634045,0.9999618,0.074278876,-0.029137721,0.3891369,0.4351618
akanɾa,0,1,1,0,-0.017414404,-0.20306435,0.9175857,0.76933134,0.23369487,0.21253088,0.44234198,1.3984898,-0.1300817,0.5447405,-0.056624383,-0.32959914,0.17861924,0.18824458,-0.6388738,0.08886437,0.35675678,-0.47412348,-0.86064804,0.804426,-0.119630516,0.25976065,-0.13436301,-0.21680506,-0.112263136,-0.21467368,0.8890162,0.58223516,-0.18029062,-0.45186773,0.62339205,-0.09213482
nʲɪvʲɪlʲikʲɪj,0,1,1,0,0.42644885,-0.23774858,0.9375447,0.78143144,-0.15907876,0.27615148,0.82234526,1.4118251,0.08786155,0.13461366,-0.3164857,-0.1055753,0.40704957,0.033233784,-0.56825507,0.031175826,0.36913532,-0.45170608,-0.6686758,0.7136735,-0.11562948,0.075600676,-0.9454234,-0.23989992,0.15802915,-0.09163843,0.5158423,1.1874259,-0.05527635,0.019580211,0.21544062,0.19697058
kɐrotkʲɪj,0,1,1,0,-0.21421918,-0.51274616,1.0691116,0.6983934,0.059711672,0.075053625,0.588933,1.1652533,0.0012303683,0.29586428,-0.010829897,-0.3406388,0.21366933,0.033534724,-0.8837276,0.5893416,0.26612,-0.21129276,-0.67585695,0.8951329,-0.17264259,0.20683527,-0.13729395,-0.18334858,-0.2070101,-0.120058104,0.9927073,0.5311865,-0.19312489,-0.31829625,0.46801874,-0.3589996
mʲɪnʲɪɐtʲurnɨj,1,1,1,0,-0.026176687,-0.43691665,0.9913642,0.9137122,0.02666518,0.03280022,0.5517039,1.4305617,-0.002945561,0.3267211,-0.10601891,-0.09444953,0.37606263,0.068000875,-0.6547562,0.24646336,0.07842331,-0.45154044,-0.7714437,0.7656963,0.028042821,-0.064274505,-0.535508,-0.06452274,0.07382007,-0.27427763,0.9523696,0.7309941,-0.004931137,-0.39210665,0.5285553,-0.37502393
mənʊmʲɪntalʲnɨj,1,1,1,1,0.011376657,-0.50624114,1.0661234,0.9217928,0.11826024,0.061523184,0.48164114,1.4436134,-0.27920914,0.14112012,-0.2764342,-0.00063407683,0.5580972,0.20529473,-0.29219306,-0.060826015,0.025336616,-0.29103464,-0.73297685,0.9260378,0.12629162,-0.17018251,-0.77611405,0.06403052,-0.008394145,-0.40914497,0.73162526,0.6646048,0.14897974,-0.2311817,0.35650632,0.15015776
titanik,1,1,1,0,0.22312722,-0.24126342,0.9373722,0.8506874,-0.0055969735,0.33686352,0.7324416,1.4273716,-0.17741904,0.2836917,-0.18529594,-0.11778097,0.27300924,0.24277464,-0.62081456,0.009666489,0.42772317,-0.5184159,-0.9217838,0.8060673,-0.053748153,0.1905773,-0.61754495,-0.17753318,-0.0012201119,-0.15450971,0.835443,0.9058969,-0.0994893,-0.22795506,0.4666591,0.2988178
ɐɡromnɨj,0,0,1,0,-0.4504952,-0.5536909,1.124893,0.974159,0.24647425,-0.0393467,0.27416688,1.2616097,-0.1803816,0.24081467,0.015181074,0.084323674,0.24836284,0.25915882,-0.45134738,0.2545323,-0.08062135,-0.329359,-0.69690883,0.8973202,-0.020414477,0.0074458565,-0.37480727,0.31777206,-0.23021361,-0.47642758,1.2628666,0.26245975,0.18985443,-0.54315037,0.5768088,-0.53281796
liləbidə,0,1,1,2,0.22505109,-0.10125768,0.8449297,1.0328891,0.02814367,0.21380523,0.97975147,1.7700001,-0.57038176,-0.06223169,-0.07498268,-0.048306193,0.5169533,0.325288,0.10144488,-0.6394367,-0.33599272,-0.4537212,-0.6860249,0.5355083,0.2226468,-0.8083741,-0.99740815,0.18379353,0.72889024,-0.64663136,0.518657,1.0992855,0.21327011,-0.20849268,0.2525632,0.33052963
beɡʁansəð,0,0,1,0,-0.19030346,-0.48316014,0.88884395,1.2247522,0.08507714,0.1183834,0.5212,1.653798,-0.41449848,0.33697134,-0.058631863,-0.08288198,0.4014423,0.30927357,-0.28323007,-0.169453,-0.36716232,-0.53959745,-0.8413802,0.70690274,0.10386758,-0.5852935,-0.53048545,0.20903061,0.39360029,-0.46566123,1.0965261,0.5998838,-0.033001672,-0.66075605,0.71936053,-0.39093432
tøn,1,0,1,1,-0.57021666,-0.7045941,0.80665696,1.0897025,0.079978846,0.22202034,0.30827624,1.6135806,-0.35109848,0.23243359,0.13026027,0.02557816,0.5787071,-0.010956114,-0.027967025,0.039422486,-0.45862973,-0.4220163,-0.4643684,0.9060912,0.084221266,-0.44987577,-0.45868275,0.20809326,0.097267,-0.59957755,1.1340309,0.32319632,-0.26129943,-0.8418608,0.4642323,-0.84757525
hɒɪ,1,1,1,0,0.59253013,0.09480206,0.6820069,0.6327872,0.048150916,0.57076555,1.2409998,0.9478981,-0.1765917,0.23947948,-0.44621354,-0.31871685,0.28934377,0.39248443,-0.58520734,-0.13739121,0.6663554,-0.061997674,-0.7824441,0.74225783,-0.38258117,0.65278125,-1.2022259,-0.257673,0.041017212,0.15872873,0.580704,1.0587317,-0.020611938,0.08381189,0.025458083,0.7392114
tɒːnhɒɪ,1,1,1,0,-0.09478391,-0.32472754,0.7771144,0.8377013,0.089725405,0.45565796,0.6479016,1.2091277,-0.23663789,0.5070223,-0.11636912,-0.11908892,0.1466007,0.46447542,-0.47914106,0.12064587,0.18795903,-0.39605293,-0.8945702,0.638745,-0.09568463,0.3276124,-0.6797562,0.039327644,0.14573698,-0.0735893,1.1728994,0.7110797,-0.011929998,-0.34135723,0.43997172,-0.1278907
sdoɐslɔːəð,0,0,0,1,-0.2617459,-0.52966964,1.0356413,1.1830466,0.026953947,-0.086666346,0.57530314,1.5941501,-0.3034662,0.3913681,-0.06803472,-0.15388112,0.47749677,0.27385733,-0.35007694,-0.03134211,-0.4392123,-0.41639313,-0.65817064,0.81969434,0.117006585,-0.49769646,-0.60872686,0.09860513,0.43928677,-0.45108113,1.1916473,0.67063457,0.09368404,-0.5348523,0.5796434,-0.6541956
ɛfim,0,1,0,0,0.24175477,-0.12084342,1.0015866,0.6617504,0.07526237,0.108833164,0.94545317,0.6514474,-0.19009632,-0.054194547,-0.14426318,0.2984543,0.032460075,0.56149083,-0.48983157,0.08201416,0.45496202,0.0108749475,-0.766864,0.7967413,-0.019157462,0.5711358,-0.99264604,0.22210059,-0.15117276,0.11098852,0.6921415,0.72073907,0.6899693,0.39956748,0.31935093,0.7626451
mikʁɔskɔpik,0,1,0,0,0.22295973,-0.18979584,1.1171434,0.6288779,-0.13040896,0.031096352,0.8878377,0.95877385,0.14881903,0.119670525,-0.28297707,-0.13473764,0.33431432,0.21565886,-0.81479216,0.40753627,0.3635182,-0.07943622,-0.6870577,0.8302412,-0.14066087,0.35007367,-0.73893964,-0.31595373,-0.12794767,0.0023975833,0.74573934,0.79294574,0.20911075,0.08335281,0.24766006,0.2803616
modik,1,1,0,0,0.24637379,-0.03450117,1.0295447,0.51993763,0.008575422,-0.11835017,0.80454034,0.80483973,0.2808813,0.08591492,-0.1623469,-0.067323126,0.16181993,0.1178337,-0.676815,0.3926454,0.657483,-0.16327645,-0.5785016,0.762449,-0.2310265,0.651777,-0.8452233,-0.31039822,-0.2062563,0.0040179244,0.5361171,0.8600103,0.40940583,0.30318657,0.10249638,0.36910716
enɔʁm,1,1,0,0,-0.28006396,-0.08654863,1.0867003,0.66033125,0.10645297,-0.008224079,0.6046226,0.7291311,0.02948665,0.20153883,-0.13231431,0.27246872,0.127625,0.6804039,-0.49199027,0.36273608,0.45221415,-0.04830936,-0.6651592,0.76836604,-0.1339304,0.85664386,-0.58242905,0.19189337,-0.29715714,-0.23444368,1.1545424,0.47763276,0.74457955,0.11754721,0.2606469,0.2858368
ɛpozɑ,1,0,0,0,-0.21952137,-0.52480257,0.663645,0.64173806,0.22924268,0.2764091,0.699299,0.5612065,-0.13366169,0.34909952,0.32737684,-0.16671826,-0.0044103838,0.29461014,-0.7620707,0.5561204,-0.0064063324,-0.15779097,-0.5474521,0.69053185,-0.041641504,0.23835252,-0.14728056,0.054228622,-0.3532999,0.099011876,0.990083,0.19623427,0.07614909,-0.4213266,0.63921136,-0.5251867
monymɑtal,0,1,1,1,-0.4861292,-0.22031832,1.2415458,0.6001145,0.1969862,-0.33056706,0.3053814,0.83558005,0.14574572,0.06778392,0.0671274,0.2865963,-0.003729387,0.3608066,-0.3711791,0.43629938,0.22862813,-0.23798479,-0.46580914,0.62576175,-0.023042548,0.4053354,-0.28933388,0.23486623,-0.26420385,-0.47858486,1.0004555,0.4503432,0.6894644,0.06963727,0.3400179,-0.1605194
nɛpatrniː,0,1,1,0,-0.108446695,-0.4797276,0.820914,0.8459682,0.12060002,0.3461228,0.6208307,1.2012058,-0.2969613,0.39462966,0.03454585,-0.068192616,0.28628647,0.3882179,-0.52337235,0.12018503,-0.09789457,-0.4046097,-0.8477006,0.7420923,0.12332074,-0.050584868,-0.45697698,0.024578124,-0.014985788,-0.09319808,0.9610449,0.5697035,0.12049143,-0.43337357,0.60598457,-0.115196206
zaːkladɲiː,0,1,1,0,0.7997744,0.19335444,0.87611043,0.6990266,-0.20813645,0.18185414,1.1935132,1.1931182,0.228219,0.13724948,-0.36256894,-0.025148157,0.42018878,0.18505123,-0.5778809,-0.3112154,0.61020225,-0.27842867,-0.5242979,0.84418035,-0.34153664,0.3927116,-1.1645967,-0.409348,0.057444204,-0.17408246,0.6262201,1.236901,0.22825897,0.24116057,0.17478116,0.3667497
tɛnkɛː,1,1,1,0,-0.2448978,-0.27230522,1.0254219,0.5847621,-0.04621528,0.2468341,0.60949236,1.057413,0.007995403,0.35627922,-0.005295838,0.08383997,0.1211475,0.4365053,-0.51318556,0.40523374,0.2993839,-0.36104745,-0.82550365,0.67956287,-0.15993245,0.48900393,-0.6418347,-0.068869494,0.031752698,-0.22857553,1.2307899,0.73379993,0.14544095,-0.1463826,0.39859238,0.06282274
ʃirokiː,1,1,1,0,-0.0816145,-0.41843197,1.1117872,0.7099647,-0.0041786227,0.12440152,0.7012313,1.0736116,0.117994934,0.26922294,-0.03632819,-0.02382202,0.19723627,0.176863,-0.79994214,0.47697306,0.38029248,-0.265285,-0.59349346,0.94168174,-0.15706748,0.4605788,-0.48669264,-0.11340945,-0.19099319,-0.062102363,0.9898986,0.68799883,0.016438067,-0.09595581,0.44474334,-0.15588911
makroskopit͡skɛː,1,1,1,1,-0.06984948,-0.4048081,1.1435286,0.60881835,-0.06715985,-0.12890908,0.60635185,1.0490638,0.20427978,0.13807538,-0.19188425,-0.20824236,0.34868,0.12605558,-0.7767584,0.55735165,0.21063401,-0.0932328,-0.5459941,0.8208811,-0.120724335,0.1701598,-0.39824757,-0.22007027,-0.19908972,-0.1299072,0.7950151,0.6208502,0.11559391,-0.036423203,0.3412067,-0.06817745
objɛmnɛː,0,1,2,0,-0.39554226,-0.33253306,1.1562382,0.75293696,0.17672311,-0.089113675,0.3666068,1.005825,0.022104573,0.25274745,-0.06755369,0.15970002,0.1915525,0.5422095,-0.5149717,0.35660082,0.2743807,-0.21762143,-0.64678633,0.794501,-0.11834313,0.51038665,-0.47169352,0.22998749,-0.28664148,-0.38684356,1.1870939,0.42239225,0.5776886,-0.116844535,0.3909742,-0.112025
səmpit,0,1,2,0,0.08735981,-0.3582022,0.96736693,1.0084031,0.05272857,0.22529449,1.0174387,1.2345241,-0.5621207,-0.0336445,-0.06410945,0.031946175,0.49407008,0.35871634,-0.32508212,-0.050695565,-0.14356944,-0.1601304,-0.80352336,0.90313524,0.19870326,-0.23169614,-1.0134424,0.19329356,0.19809502,-0.15075819,0.8583922,0.76007015,0.27953786,-0.21702437,0.36792353,0.39700568
bəlumsəmpuɾna,0,1,2,1,-0.06622727,-0.41965267,1.080335,1.0200251,-0.08276257,-0.15547705,0.6699717,1.4467814,-0.19562532,0.004094354,0.0824662,0.121994026,0.37461713,0.002357705,-0.46542555,0.11615364,-0.28434643,-0.5048271,-0.7917083,0.8400497,0.29055429,-0.5404442,-0.5930619,0.075269274,0.27117068,-0.47834095,0.9936367,0.7388664,0.20998365,-0.41312784,0.63283306,-0.2646882
miniatuɾ,1,1,2,0,0.21891621,-0.26064146,0.9381285,0.8745784,-0.046924647,0.1646271,0.77671653,1.3465987,0.038351376,0.21335344,-0.08781391,0.025418399,0.33165574,0.09511108,-0.6025616,0.12399931,0.31180304,-0.5356138,-0.8048062,0.8145126,-0.016320262,0.17004219,-0.83737874,-0.1737284,0.065182984,-0.17340481,0.83028746,0.94166666,0.05199663,-0.20510858,0.42699322,0.05496131
melimpah,1,1,2,0,0.23866917,-0.13803941,1.0586054,0.83439386,0.09409461,-0.026769659,0.93775207,0.8294448,-0.32633078,0.04117309,-0.19361548,0.08414617,0.19508679,0.36492312,-0.37486255,-0.011792422,0.12186196,-0.18410513,-0.7859245,0.8274196,0.053627245,0.13083455,-1.097529,0.014659926,0.035597786,0.007066698,0.7596232,0.7694122,0.48806548,0.09314578,0.28777605,0.5141369
tiŋɡi,1,1,2,0,0.34065744,-0.2548518,0.79013205,0.977753,0.045291394,0.42253366,1.0540164,1.3727282,-0.55231977,0.113682374,-0.1182614,-0.18060279,0.47284752,0.17390606,-0.3349864,-0.2168146,-0.113869704,-0.37371373,-0.7602916,0.74141353,0.06912496,-0.3738131,-0.9924304,-0.042200036,0.3629374,-0.0148933865,0.5601093,0.8844964,-0.20460913,-0.34689495,0.35311204,0.4059853
makɾoskopis,0,1,2,1,-0.1391603,-0.44519255,1.1860039,0.6719865,0.02885902,-0.07967867,0.6364192,1.0696393,0.16628414,0.115274034,-0.10045014,-0.17423633,0.36019078,0.09765204,-0.80137575,0.5695739,0.17152575,-0.14121835,-0.57167387,0.90091515,-0.10360364,0.1557291,-0.37469897,-0.17326397,-0.2877877,-0.142255,0.8233097,0.56656617,0.10454581,-0.12497348,0.37306377,-0.1709415
d͡ʒyd͡ʒe,0,0,2,1,-0.2953399,-0.41310728,1.0549138,0.57785577,0.13120234,-0.5045279,0.24245286,1.1127228,0.50906193,0.15169327,0.32669267,-0.34935832,0.117899954,-0.53092974,-0.72818184,0.6446665,0.68644106,-0.32968616,0.14062211,0.7683775,-0.5040138,0.3370203,0.18815506,-0.40496612,-0.47134927,-0.49974123,0.8836429,0.45862302,-0.29265678,0.0015638032,0.4557814,-1.2494891
kompakt,0,1,2,0,-0.22656299,-0.29298362,1.1288372,0.5009189,0.11117124,-0.13062362,0.7558429,0.7516049,-0.06335534,0.03619486,0.15144874,-0.032103065,0.111209735,0.2465223,-0.80568844,0.72021824,0.22928588,-0.038501017,-0.7617015,0.8213392,-0.028006308,0.21781701,-0.2743729,-0.11363059,-0.3095212,-0.15794946,0.9986163,0.42773348,0.391727,-0.07514564,0.48740017,0.116596274
jeteɾsiz,1,1,2,0,0.33022797,-0.31200874,0.8538193,0.8753819,-0.051035356,0.49398112,0.99922305,1.4731987,-0.28291035,0.10482239,-0.21767658,-0.10095718,0.5456179,0.19048107,-0.5017748,-0.10025325,0.15350012,-0.33221027,-0.7627371,0.86330897,-0.03416075,-0.033176776,-0.9458159,-0.06935869,0.1984648,-0.0586106,0.5733994,1.0014572,-0.12041461,-0.22343943,0.25685802,0.3791355
anɯt͡sal,1,0,2,1,-0.4721604,-0.51559716,1.5020345,1.0105648,0.007938293,-0.3036344,0.38735127,1.4858687,0.094346054,-0.022452977,-0.114109,0.22183818,0.2699045,-0.026773676,-0.25581428,0.21326116,-0.05786467,-0.39455634,-0.4229212,1.0214583,-0.11817045,-0.13555226,-0.4370634,0.18636803,0.058310702,-0.7285862,1.2772224,0.61103636,-0.13653749,-0.35894543,0.47686443,-0.7106529
d͡ʒanavaɾd͡ʒa,1,1,2,1,-0.042173713,-0.28229293,1.0194467,0.58115035,0.058151085,-0.22020207,0.47843608,1.4092981,0.18378963,0.2712923,-0.07630693,-0.45104638,0.31935993,-0.23891371,-0.65102,0.31448045,0.5716894,-0.4003505,-0.43042144,0.82623804,-0.38570037,0.13731533,-0.13396786,-0.60340685,-0.27829793,-0.486485,0.84657454,0.73273647,-0.3750021,-0.17187014,0.44780475,-0.40443993
haɾika,0,1,1,0,0.7397641,0.10280578,0.8478321,0.6220729,-0.042057946,0.44925243,1.1269639,1.232509,0.03697569,0.14840804,-0.33152628,-0.26971567,0.43474856,0.07726111,-0.70072526,-0.20319809,0.6341574,-0.26533344,-0.73711026,0.9100343,-0.28569213,0.44384512,-0.8238003,-0.49951962,-0.17712617,-0.058513377,0.47316507,1.0939068,-0.11110956,0.012918754,0.20350109,0.60891855
rudimentaren,0,1,1,0,0.21765941,-0.29252303,0.98285824,0.8512878,-0.07325004,-0.011648734,0.719565,1.3249118,0.034602117,0.22543608,-0.13086133,0.026721083,0.32632098,0.19834116,-0.7261724,0.1533779,0.3547881,-0.47234485,-0.84519744,0.79277647,0.0437362,0.120777845,-0.68402445,-0.15104415,0.05678647,-0.23879781,0.8990458,0.9142952,0.24723004,-0.1317647,0.5053742,-0.021175986
piɡmej,0,1,1,0,0.10207489,-0.33311912,0.90956306,0.9644368,0.2183185,0.065973766,0.8625633,0.99760675,-0.5081901,0.25010806,0.038107987,-0.043559734,0.15304783,0.29929715,-0.5594776,0.13693082,-0.061331984,-0.20217586,-0.8971888,0.8472781,0.08309512,-0.1274935,-0.8265986,0.12626661,0.13751335,0.053929638,0.9611402,0.51224846,0.2088653,-0.3065853,0.61204606,0.09186948
tɤnɤk,1,1,1,0,-0.2062542,-0.4824218,0.915796,0.8561794,0.06852675,0.38660893,0.43080574,1.4523185,-0.18029281,0.28841054,-0.017188592,0.07848997,0.28730825,0.17094891,-0.44955087,0.22306065,0.09226723,-0.49884436,-0.8721057,0.74654126,-0.008168075,0.03940579,-0.5062383,0.10729119,0.020456092,-0.33319035,1.0937711,0.6054514,-0.22978619,-0.52115476,0.5092434,-0.20387396
visɔkɔ,1,1,1,0,0.09300712,-0.20888714,1.0417569,0.57830375,0.0027299807,0.3140469,0.95048505,1.2051219,-0.06761344,0.31096,-0.07370746,-0.16778141,0.40892157,0.18002611,-0.6898956,0.32045004,0.26148587,-0.22762722,-0.75214,0.9158408,-0.113622576,0.25677308,-0.7488783,-0.32852003,0.1577828,-0.17242293,0.9885479,0.8904926,0.0064104777,-0.24438365,0.2797018,0.109136716
ʃirɔk,1,1,1,0,0.18799298,-0.17415717,1.017153,0.6521526,-0.026017888,0.41319686,1.0124385,1.2309175,-0.19219536,0.19864915,-0.20018058,-0.06815707,0.39403465,0.31007698,-0.622511,0.18440852,0.26818964,-0.21196151,-0.9015898,0.8879909,-0.06497761,0.2523336,-0.87406516,-0.20695116,0.1330895,-0.08443978,0.8680658,0.90200186,0.040892076,-0.1335926,0.28325948,0.5064869
visɔk,0,1,0,0,0.13007836,-0.22727722,1.0584637,0.63736475,0.014653637,0.3167186,0.9550543,1.3158438,-0.08012454,0.18029715,-0.013248513,-0.1263056,0.39771444,0.010641201,-0.6860399,0.34811684,0.2667103,-0.28712058,-0.78078866,0.9442426,-0.11510822,0.108563595,-0.71169955,-0.29126677,0.10442289,-0.1927006,0.89325625,0.8898257,-0.12142305,-0.26216546,0.32584557,0.16109577
neɡliʒabil,0,0,0,0,0.18056355,-0.41423413,0.976803,1.1821418,-0.16145022,0.1493091,0.69672793,1.6691684,-0.22232574,0.034046162,-0.22589459,-0.009846279,0.5267044,-0.12604374,-0.023282498,-0.39269465,-0.080381885,-0.55814284,-0.2653475,0.81784153,-0.17021658,-0.48663136,-1.069965,0.036550775,0.24310207,-0.3351799,0.38228235,0.9475385,-0.39676437,-0.16516684,0.3231003,-0.14600092
limitat,0,1,0,0,0.390343,-0.040244512,1.2220732,0.9327665,0.13957281,-0.065079436,0.9485713,1.0596031,-0.33630976,0.024506614,-0.33608395,0.12467721,0.25291476,0.3194145,-0.44749457,-0.11162852,0.32815015,-0.18752478,-0.86924267,0.9169596,0.07629176,0.177487,-1.0042423,-0.038767178,0.02898629,-0.072957575,0.76749194,0.8004334,0.32768083,0.0707717,0.3246394,0.71194565
mikut͡s,1,1,0,0,0.3130437,-0.14204982,0.93383133,0.7177667,-0.1511531,0.034414276,0.9116949,1.165918,0.29489452,0.08013814,0.15830958,-0.14215429,0.15610103,-0.23997203,-0.9369122,0.5258278,0.4902072,-0.4938434,-0.7351842,0.736466,-0.14751253,0.22957739,-0.62945485,-0.4009647,0.056531608,-0.119760185,0.78733826,1.0344371,-0.055407964,-0.114673644,0.45181677,-0.14345104
nemɜrd͡ʒinit,1,1,0,0,0.050357617,-0.30007717,1.223655,0.8958979,0.059512302,-0.058534306,0.7924459,1.441329,-0.075969465,0.056288395,-0.19157895,0.06555091,0.5153023,0.2091746,-0.49588937,0.042455334,0.27272812,-0.30307764,-0.6957342,0.9264393,0.02220712,0.03132715,-0.7552994,-0.116053745,-0.05678615,-0.4960653,0.98132545,0.87400895,0.2721576,-0.09108578,0.35776517,0.062215153
spat͡sios,1,1,0,0,-0.1276405,-0.557867,0.92281306,0.81165737,0.1237381,0.19498348,0.72757256,1.250066,-0.09711914,0.31721085,0.08419934,-0.26715043,0.33694267,0.14422946,-0.7322113,0.35136643,-0.013625212,-0.32305905,-0.62683123,0.88170177,-0.014642531,-0.03209099,-0.38078383,-0.09891042,-0.051654685,-0.090364315,0.9150991,0.6432934,-0.06614443,-0.3587768,0.5077844,-0.4290107
impunɜtor,0,1,0,0,-0.20711371,-0.4487178,0.8769466,0.8140177,-0.012749777,0.25071603,0.8089424,1.1255655,-0.1539915,0.14405677,0.17873138,0.11236759,0.28829902,0.36483023,-0.68331045,0.35099506,-0.16596794,-0.35302803,-0.8711676,0.7907458,0.21985595,-0.09788999,-0.4260259,0.08509726,-0.06380154,-0.27482694,1.141928,0.62024844,0.34749404,-0.42168346,0.66175723,-0.22140664
suθinto,0,0,0,0,0.14166749,-0.48561648,0.76575714,0.7630292,-0.010009373,0.095694564,0.6187588,1.2929658,0.23354594,0.22086403,0.30342117,-0.17565861,0.20579074,-0.31433138,-0.8386978,0.47050616,0.20999102,-0.6665014,-0.6446519,0.7932609,-0.063944176,-0.06118414,-0.36970773,-0.3350516,-0.07822663,-0.17469718,0.7822015,0.7354484,-0.34499434,-0.44862676,0.63336957,-0.69111115
eskaso,0,1,0,0,-0.23726077,-0.5208172,1.091057,0.7273118,0.1346912,0.10583999,0.62638617,1.1693712,-0.00538087,0.32286054,0.0768463,-0.40984103,0.33572695,0.052517243,-0.96153307,0.57573754,0.29584715,-0.22235475,-0.5566225,1.0307738,-0.18082583,0.25386357,0.016770368,-0.20899042,-0.34034345,-0.13523439,1.0346985,0.46004722,-0.27617544,-0.4028426,0.55689156,-0.47330543
aŋɡosto,1,0,0,0,-0.3357253,-0.65946656,0.7904368,0.80360466,0.22492675,0.15466034,0.41872448,0.96259105,-0.034342486,0.35805696,0.27440244,-0.25372398,0.11408349,0.032870732,-0.7401246,0.4953726,-0.07060307,-0.32993135,-0.42506433,0.79398817,-0.11868477,-0.015766518,0.021682557,0.07941755,-0.29473236,-0.14547823,1.0843191,0.21694049,-0.19872817,-0.61255014,0.6824813,-1.0005281
ekspansibo,1,0,0,0,-0.2495539,-0.6550848,0.874575,0.77703214,0.12682723,0.20020895,0.47564915,1.3411863,-0.15085827,0.30902314,0.16605572,-0.17135464,0.28612268,0.1551396,-0.6632986,0.3880955,-0.028620398,-0.42202955,-0.7132682,0.80486,0.04290066,-0.20443903,-0.17790106,-0.025765197,-0.13577701,-0.3262707,1.0162401,0.51268125,-0.031208793,-0.50274456,0.67754245,-0.48518464
xiɡante,1,1,0,0,0.43733191,-0.09614101,0.8466824,1.0643203,-0.021527829,0.19297023,0.9094048,1.1585746,-0.19008559,0.23685743,-0.38282722,0.2618136,0.37342793,0.0890003,-0.24540648,-0.14876461,0.061821256,-0.3841162,-0.8869652,0.8878785,-0.084045604,-0.025352253,-1.5191771,0.14235015,0.29266268,-0.15532449,0.82909745,0.8061449,-0.09295431,-0.35650897,0.5371821,0.1757524
soβredimensjonaðo,0,1,2,1,-0.22577214,-0.48900747,0.9981283,0.7633159,0.087073,-0.123980306,0.32750615,1.3072073,0.12601978,0.35164452,-0.03662361,-0.071683735,0.20619144,0.27253863,-0.59380335,0.29689577,0.14784773,-0.41129494,-0.5346714,0.62864435,-0.004402153,0.029395243,-0.23258373,0.07147786,-0.08096023,-0.49212325,0.97728133,0.6597796,0.29481462,-0.2560809,0.5775559,-0.54277885
bdaːʔjj,0,0,2,0,0.052039795,-0.31456372,0.8269225,0.665635,0.24058399,0.12338252,0.75613344,1.1237173,-0.10668517,0.5155051,0.24770583,-0.4121939,0.25708488,0.044975724,-0.77090824,0.3186923,-0.0114105055,-0.40321887,-0.7330445,0.7780329,-0.05900012,-0.07028602,-0.36763462,-0.30220303,0.092020035,0.031357277,0.9518557,0.6134824,-0.04715335,-0.5620522,0.50261927,-0.49227807
rqjq,0,1,2,2,0.33531344,-0.20701261,0.7459895,1.1136659,-0.06226299,0.34697512,0.99521214,1.7442708,-0.47210512,0.17809743,-0.15758026,-0.3269292,0.69983155,-0.020485982,-0.010319617,-0.6091117,-0.0603818,-0.48908168,-0.37923595,0.9058068,-0.17632362,-0.3622002,-1.1752115,-0.10419206,0.23709449,-0.28698695,0.4306089,0.99445677,-0.24008778,-0.33731514,0.15110642,0.24309787
sɣjr,1,1,2,0,0.350342,-0.39515036,0.8261369,0.7116658,-0.021247556,0.29104185,0.9546562,1.4779967,-0.36927396,0.05782967,0.023592977,-0.3509827,0.6231849,-0.13659234,-0.49314502,0.11195738,-0.16171935,-0.36311093,-0.9300837,0.8317464,0.14739695,-0.49944335,-0.73450047,-0.44626856,0.26639968,-0.07108026,0.46946785,0.8178775,-0.24229263,-0.34931058,0.2882266,0.31515318
ʕmjq,1,1,2,0,0.20651896,-0.084644236,1.2463979,0.9595255,0.28369367,-0.33887684,0.5787237,1.1203103,-0.28619394,0.2829599,-0.171077,0.09420781,0.31658232,-0.019740576,-0.32969594,-0.14304924,0.054787185,-0.39361352,-0.74186957,0.9071877,0.10164363,-0.030933656,-0.9634265,-0.11115246,0.009090994,-0.07251635,0.8162766,0.52493525,0.15013167,-0.31508896,0.39366725,0.14410447
ʃaːhq,1,1,2,0,0.4051379,0.09856797,0.9140676,0.97538906,0.038900085,0.19977492,1.0308315,1.3776779,-0.076795906,0.46768886,-0.3210952,-0.23834682,0.4931701,0.086925276,-0.2393287,-0.39387846,0.29376948,-0.37083036,-0.4984253,1.0043983,-0.424833,0.38641205,-1.3622751,-0.33967653,0.109214336,-0.13771746,0.84088796,0.9853285,-0.09377098,-0.16058774,0.13072844,0.17651437
ʃaːsʕ,0,1,2,0,0.29064357,-0.3328362,1.036052,0.661026,0.07769211,0.26264864,0.92915934,1.3424135,-0.18557528,0.3360892,-0.062272143,-0.24340197,0.51312774,0.09214906,-0.6901334,0.10377013,0.063187875,-0.3030513,-0.77694845,0.95390695,0.010654346,-0.07507956,-0.681551,-0.35882753,0.08884879,0.040461052,0.7628256,0.7869033,-0.07172273,-0.2960659,0.40119404,0.007732737
pɑʊ,0,1,2,0,0.007282127,-0.42326787,0.7957597,0.53928226,0.221847,0.45025864,0.9696802,0.9101566,-0.43267983,0.23642667,0.09928787,-0.35991213,0.44532245,0.31534216,-0.6727563,0.43764347,0.09737482,0.07076565,-0.76322263,1.0111557,-0.07388784,0.1311531,-0.4234202,-0.22005427,-0.34176496,-0.017178409,0.66251314,0.43512312,0.062460214,-0.20845138,0.5331269,0.43344346
tuan,0,0,2,0,0.07668704,-0.28442633,0.5468588,0.8890241,0.055804152,0.35937265,0.58542854,1.2537086,0.12135285,0.47258723,0.3949873,-0.07972252,0.0564203,-0.17251973,-0.7043309,0.23953575,-0.005780327,-0.76894844,-0.7841957,0.61251277,0.032694593,-0.0122482395,-0.30272418,-0.13458967,0.1110719,-0.20631184,1.0667745,0.63871276,-0.32362977,-0.79466593,0.861222,-0.94401497
aɪ,1,1,2,0,0.963268,0.3099925,0.5794435,0.60590917,0.013237436,0.49868813,1.2733195,0.9022117,0.079736866,0.26763126,-0.5576739,-0.4272073,0.32873255,0.36584273,-0.7251021,-0.387677,0.90030783,-0.11506367,-0.6517865,0.7992405,-0.53123295,0.7820008,-1.1282893,-0.46530738,-0.27649915,0.16118263,0.27761945,1.096774,0.039880883,0.23633224,0.04465328,0.8087834
t͡ɕiɑŋ,1,1,2,0,0.6138578,-0.019911304,0.83154935,0.8999154,-0.19444445,0.56697565,1.159639,1.5143818,0.013326332,0.029543262,-0.3469663,-0.105352364,0.48675874,0.15865834,-0.34173864,-0.36693883,0.4524925,-0.48100376,-0.562175,0.76983005,-0.32293558,0.21585567,-1.3742439,-0.17947015,0.21571755,-0.20540647,0.50187737,1.3860246,-0.1365892,0.06823403,0.076389164,0.5322725
tʂʊŋ,1,1,2,0,0.23561768,-0.34261626,0.7874831,0.5363572,0.14775908,0.56979114,1.0379212,1.1185187,-0.40008125,0.13433619,-0.15118124,-0.35484126,0.5212112,0.2645617,-0.577832,0.23345377,0.28724062,0.044832196,-0.8728754,0.97297704,-0.15463465,0.21786524,-0.7697258,-0.29696417,-0.23671162,-0.10870775,0.58268815,0.724157,-0.07807177,-0.11325198,0.30498025,0.73542523
tɑ,0,1,1,0,0.36769924,-0.036371518,0.6420296,0.7061361,0.03544784,0.62387836,1.022434,0.9813642,-0.04358697,0.37702775,-0.41335768,-0.30158922,0.2593705,0.4281275,-0.5811636,-0.04583738,0.52704966,-0.19950485,-0.72209436,0.7039878,-0.36993867,0.68604743,-1.1249936,-0.095341384,0.078328066,0.29689294,0.5337937,0.93577737,-0.07728503,-0.011356895,-0.005025607,0.5931153
zʊptiːl,0,1,1,0,0.069432735,-0.43247354,0.897129,0.8090997,0.036491178,0.4407933,0.98066384,1.1557474,-0.50763816,0.16615644,0.059367128,-0.06900751,0.43621832,0.31058365,-0.44654143,0.1000574,-0.14284666,-0.1447451,-0.73227555,0.9790061,0.085054204,-0.16174221,-0.74586594,-0.017408516,0.084133096,-0.10090974,0.8198258,0.7143003,0.13761468,-0.19553687,0.53606945,0.19177471
maːɡɐ,0,0,1,0,-0.050479893,-0.29827666,1.0661299,1.080115,0.18628041,-0.071090266,0.75661576,1.202579,-0.4686843,0.43387765,-0.13923128,-0.37435085,0.5095657,0.07901255,-0.37222126,0.08397285,-0.318027,-0.26287746,-0.7200312,0.9916352,-0.024559356,-0.20371531,-0.8606773,-0.17141864,0.15603529,0.04898485,0.9519808,0.42675167,-0.15296419,-0.5565323,0.3771866,-0.09555731
faɪn,1,0,1,0,-0.05427,-0.1840186,0.8452543,0.9553536,0.29782954,0.30499697,0.43800923,1.4296198,-0.1511539,0.6438331,-0.14113042,-0.17290817,0.18196747,0.35220605,-0.4222265,-0.10058051,0.3190857,-0.5368017,-0.8328082,0.74761236,-0.17417566,0.40521604,-0.5832841,0.05238315,0.08555103,-0.1582756,1.025081,0.6091009,-0.091821626,-0.46714306,0.5342181,-0.16840196
dɪxt,1,1,1,0,0.42950544,0.26498926,0.7590642,0.6444844,-0.04206923,0.1171692,1.0916978,0.7064101,0.056521207,0.08168363,-0.11038045,0.507921,-0.018783208,0.11117144,-0.36845228,0.27326265,0.48897502,-0.19797915,-1.0225871,0.6640317,-0.17679313,0.41244808,-1.492095,0.0445047,0.35810307,-0.31553125,1.0975322,0.99246657,0.31157246,-0.0106116,0.57935673,0.20436299
ʁiːzɪc,1,1,1,0,0.3874435,-0.025878822,0.846969,0.6482042,0.019442635,0.4032117,1.134472,1.103588,-0.19753462,0.30600163,-0.27822554,-0.1897019,0.37805548,0.41029683,-0.71433425,0.13689113,0.43573207,-0.19183506,-1.0239468,0.8172106,-0.09000979,0.4442907,-0.93277764,-0.3053604,0.04363551,0.077899866,0.82715094,0.9034535,0.13411117,-0.07584467,0.2512789,0.6541833
enɔʁm,0,1,2,0,-0.28006396,-0.08654863,1.0867003,0.66033125,0.10645297,-0.008224079,0.6046226,0.7291311,0.02948665,0.20153883,-0.13231431,0.27246872,0.127625,0.6804039,-0.49199027,0.36273608,0.45221415,-0.04830936,-0.6651592,0.76836604,-0.1339304,0.85664386,-0.58242905,0.19189337,-0.29715714,-0.23444368,1.1545424,0.47763276,0.74457955,0.11754721,0.2606469,0.2858368
ɡiɡɑntikuʃ,0,0,2,0,0.1178038,-0.43700072,0.8144998,0.94557345,-0.062158193,0.10056514,0.61692214,1.3323824,0.0364085,0.2995214,0.15579678,-0.059202958,0.13466752,-0.105476856,-0.72170514,0.2508503,0.05416299,-0.6439405,-0.7373719,0.65618056,-0.06358864,-0.25108424,-0.45070097,-0.08811298,0.13927905,-0.24740909,1.0382059,0.7075652,-0.271898,-0.49008307,0.7738974,-0.6703121
tuːmirɛt͡sɛt,0,1,2,0,0.11362877,-0.3446446,1.0688909,0.72833204,-0.08799392,-0.030352762,0.8211827,1.0394201,0.020524029,0.124101326,-0.08091258,0.11619204,0.19787294,0.263101,-0.7763374,0.36384213,0.26443806,-0.2316291,-0.8179286,0.8249434,0.039079864,0.20428872,-0.7457313,-0.04717013,0.029479474,-0.098917626,0.9393818,0.79374963,0.32538864,0.035980273,0.5157676,0.06680964
bøːʃeːɡɛʃ,1,1,2,0,-0.04731296,-0.47375995,0.99779916,0.83527005,-0.017727062,0.20072024,0.8400854,1.194367,-0.29278657,0.34757197,0.0009859587,-0.079560146,0.36794284,0.18452899,-0.5210798,0.24688666,-0.21191896,-0.24855375,-0.72129744,0.85252535,-0.00064941373,-0.13678458,-0.8002622,-0.020507349,0.21920206,-0.12479066,1.1311998,0.72380686,0.05559142,-0.4071321,0.4587931,-0.27550086
ʒɛbmeːrɛtyː,1,1,2,0,-0.31972244,-0.41897792,1.2444494,0.6151549,0.06731018,-0.16921505,0.60607654,0.87653977,0.055268202,0.16390665,-0.077451736,0.027729267,0.19501196,0.36454254,-0.68436897,0.52460617,0.25132945,-0.0048901853,-0.5300927,0.8806063,-0.14890185,0.41083872,-0.45024025,0.03858143,-0.31431594,-0.180909,1.1096809,0.50402933,0.41580445,0.089602806,0.3890567,-0.1824356
korlaːtozotː,1,1,2,1,-0.33851895,-0.46305948,1.2086757,0.7233128,-0.044959445,-0.051088396,0.56214833,1.0526209,0.22870067,0.3259369,-0.09186987,0.017024277,0.2702557,0.2742687,-0.692132,0.50445986,0.007080564,-0.26231658,-0.42275858,0.84685963,-0.11214513,0.25238842,-0.34609315,-0.043914616,-0.14081962,-0.22571257,1.1708457,0.5883363,0.17186685,-0.2055202,0.45502365,-0.5306385
kɛzdɛtlɛɡɛʃ,0,1,2,0,0.39801946,-0.31252125,0.85158724,0.8775793,-0.0745735,0.09015178,0.92735636,1.1741126,-0.022512725,0.40029344,-0.22402771,-0.15595886,0.30901015,0.23529421,-0.65806216,-0.0046572173,0.22314417,-0.39067063,-0.7138351,0.647703,-0.11744073,0.031538263,-1.0211986,-0.16965221,0.31163186,0.021148054,0.7780287,1.0440902,0.1297745,-0.05417161,0.4393163,-0.15381584
sima,0,1,2,0,0.30512795,-0.014270102,1.091818,0.77673817,0.21115275,0.12561968,0.99910474,0.94112355,-0.27560285,0.11003688,-0.25257885,-0.053804073,0.26271948,0.4247202,-0.57666284,0.017611383,0.438556,-0.05823886,-0.8510446,0.93854004,-0.05387046,0.44342,-0.8542434,-0.10616745,-0.14197813,0.007849407,0.7873404,0.7289528,0.29302964,0.073154576,0.31155893,0.7513119
kakrebi,0,1,2,0,0.32487062,-0.22839153,1.0162479,0.68962944,-0.03093478,0.30662143,0.9451339,1.3779101,-0.043710098,0.19198573,-0.21525362,-0.21863073,0.3820921,0.13418196,-0.8152337,0.1640485,0.4157435,-0.25628942,-0.8703004,0.97266984,-0.17512816,0.19141023,-0.6523236,-0.2966295,-0.022797981,-0.03516,0.7017003,0.88864166,-0.13410698,-0.11511281,0.37240365,0.35523042
hukoatre,1,1,2,0,-0.019174539,-0.38868415,0.82445973,0.63321185,-0.042273276,0.037846483,0.666803,0.9438011,0.2927117,0.27692366,0.22168176,-0.19691363,0.033774015,-0.051103666,-1.0203464,0.64855206,0.3392967,-0.372652,-0.5706094,0.7657574,-0.1698202,0.30471498,-0.063336395,-0.22066875,-0.2486372,-0.09518816,0.9421657,0.52984977,-0.17223121,-0.31136948,0.68240094,-0.7306108
ɛtrɛw,1,1,2,0,0.084179945,-0.38618055,0.7268001,0.56721115,0.17977776,0.29000065,0.7394501,0.8057287,0.00030310915,0.28701907,0.26752916,-0.11729403,-0.017028783,0.10021495,-0.72770333,0.42140776,0.11419577,-0.44134137,-0.7462374,0.50445884,-0.016320977,0.0803975,-0.5206966,-0.01918784,-0.014905604,0.019214578,0.81558067,0.68867797,0.05913805,-0.3407612,0.4920001,-0.3821561
pi,1,1,2,0,0.21028951,-0.5084463,0.45895258,0.7380887,0.13610563,0.520928,0.9687269,0.74198264,-0.5244678,0.37111828,0.24009857,-0.24916394,0.20815076,0.41683418,-0.5907989,0.030709935,-0.28301707,-0.25054947,-0.6217051,0.6290138,0.2547652,-0.2723068,-0.44790903,0.03569344,0.013075363,0.34249875,0.5144928,0.5019339,0.2167223,-0.3431024,0.68332314,-0.086508594
nedudumu,0,1,1,0,0.24885961,-0.04447433,0.621477,0.6277892,-0.22135529,-0.15620242,0.6545466,1.1397517,0.64527166,0.11480327,0.5266945,0.009825935,0.012565321,-0.46886313,-0.87541425,0.5686397,0.39293376,-0.83919036,-0.5919291,0.45290244,-0.10323954,0.047703937,-0.43929592,-0.45021823,0.17118587,-0.50217485,0.84592384,1.0362821,0.12028936,-0.3073646,0.66855556,-0.92350626
rʃadki,0,1,1,0,0.7061232,0.034685202,0.725312,0.6270907,-0.07263869,0.40057492,1.0906931,1.3150877,0.17891043,0.25783464,-0.23578432,-0.33190107,0.4161429,-0.020739127,-0.7266033,-0.056918405,0.6302513,-0.3961489,-0.7467619,0.7843733,-0.29926893,0.37855497,-1.025415,-0.5788806,0.08108499,0.004491319,0.45515212,1.2877784,-0.11433814,0.0021411371,0.13736154,0.3034517
miniaturovɨ,0,1,1,0,0.037247993,-0.39788878,1.0134264,0.7943515,-0.025902374,0.039613202,0.6200003,1.3383657,0.1555905,0.22204545,-0.061864737,-0.0025611962,0.32976246,0.06840974,-0.6789181,0.29839247,0.24404846,-0.50539327,-0.70015043,0.81456304,-0.0006060549,0.09148227,-0.59632075,-0.16174154,-0.042877283,-0.27043074,0.861511,0.8316268,0.05199213,-0.2361295,0.4772767,-0.23367074
vawsci,1,0,1,0,0.22599842,-0.3071078,0.7874948,0.737255,0.15135275,0.18642744,0.7342268,1.1737583,-0.02279755,0.32744902,0.21065652,-0.2939833,0.17573552,-0.2494453,-0.8277587,0.37416503,0.15199667,-0.5463057,-0.792132,0.73620045,-0.027871355,-0.08680471,-0.39558226,-0.31173998,0.0054305415,0.056612104,0.71524704,0.6837511,-0.34592986,-0.51673603,0.5749123,-0.39172757
duʒɨ,1,0,1,0,-0.07733186,-0.40695858,0.8648901,0.7608771,0.05999314,-0.19544314,0.551251,1.1338949,0.3444244,0.1450853,0.4265068,-0.12616959,0.18158802,-0.75449085,-0.6544974,0.5740966,0.13246644,-0.46955705,-0.2447204,0.8653702,-0.2707693,-0.0879665,-0.20403333,-0.35274577,-0.194297,-0.46802235,1.0370742,0.4914385,-0.61009526,-0.532912,0.71188617,-1.4218584
dwuɡi,1,0,1,0,0.3964851,-0.28954467,0.39973253,0.61412406,0.08152501,-0.01038364,0.57959914,0.76222205,0.26951632,0.23894292,0.6483984,-0.1864142,-0.11327818,-0.57679343,-0.798031,0.4380916,-0.055215444,-0.7080618,-0.44927523,0.4045747,0.008991689,-0.38846022,-0.14786494,-0.29753613,0.13321175,-0.07403437,0.74153715,0.51767176,-0.34638613,-0.65887994,0.81295377,-1.3669608
obfitɨ,0,1,1,0,0.06924578,-0.4986022,0.8718554,0.8773439,0.06753114,0.37295502,0.7496007,1.20242,-0.11596898,0.3274242,-0.14329192,-0.16316485,0.37483275,0.18268175,-0.64906573,0.21115965,0.20751983,-0.3226667,-0.6247436,0.89276904,-0.10786497,0.26494625,-0.6893574,-0.020159092,-0.09966051,0.090208165,0.7621331,0.7061576,-0.13672306,-0.29133725,0.335665,-0.13537458
dojoʔ,0,0,1,0,-0.38439998,-0.59039193,0.5826067,0.46862423,0.27334204,0.089158855,0.21662694,0.56469923,0.4433794,0.2755456,0.5426768,-0.17825176,-0.0771824,-0.08791725,-0.6868355,0.6123639,-0.024414573,-0.36715287,-0.0069633685,0.5001934,-0.19697566,0.19675443,0.18668514,0.11181564,-0.5045804,-0.23511286,0.84899837,0.16215317,0.015593841,-0.5196281,0.5694236,-1.5865964
rudimentari,0,1,1,0,0.3177185,-0.24712943,0.9741445,0.83666974,-0.09269612,-0.0032705583,0.81478876,1.243373,0.030833418,0.1594458,-0.14738776,-0.0071437815,0.29557082,0.17400567,-0.7661885,0.14819658,0.43187094,-0.43588412,-0.84628445,0.8220313,0.01904161,0.16741297,-0.73340654,-0.19283098,0.021687014,-0.15470101,0.8434826,0.95133865,0.23932916,-0.05828167,0.46980014,0.086299956
ʔasiːr,1,1,1,0,-0.012070011,-0.4340008,0.9826985,0.8126705,0.12648472,0.35055274,0.8252991,1.3662862,-0.42120758,0.20726898,-0.049824126,-0.16585088,0.46906784,0.17890519,-0.37196216,0.018819064,-0.24447514,-0.29735047,-0.75066227,0.90176743,0.07209575,-0.3135836,-0.7153285,-0.0079349475,0.19741125,-0.10579193,0.7625023,0.6875214,-0.12536119,-0.41014794,0.38718823,0.07288236
abːundanti,1,0,1,0,0.029084062,-0.3538068,0.78902376,0.80993223,-0.017165376,0.022856617,0.4570199,1.400806,0.23910397,0.45816976,0.17356913,-0.09631061,0.22280703,-0.06173887,-0.774627,0.2803569,0.24016215,-0.70393497,-0.68819344,0.679997,-0.0292471,0.060591087,-0.2316075,-0.21819524,0.008850696,-0.38237226,1.0539135,0.7309088,-0.027685769,-0.50282884,0.70876133,-0.81576586
spat͡sjuːz,1,0,1,0,0.017920904,-0.45634064,0.75778097,0.7757981,-0.028104939,0.12786959,0.80296594,1.1905001,0.057194375,0.30355704,0.28613058,-0.22158389,0.29059187,-0.026913935,-0.9257288,0.49521297,0.028755669,-0.44478565,-0.6871449,0.78985834,-0.024194516,-0.10424993,-0.21433613,-0.21594407,-0.0052656033,-0.14186846,1.0400125,0.6212617,-0.12707396,-0.48561007,0.74534845,-0.68771505
oːli,0,1,1,0,0.31675532,-0.13575152,1.0858732,1.3002535,-0.23194343,0.11430926,1.0087104,1.2582359,0.11123242,0.19672118,-0.30610347,0.29671535,0.40045184,0.16231991,-0.09999461,-0.3834673,0.13262066,-0.44392917,-0.056313258,0.9511464,-0.2565448,0.3436121,-1.5636678,0.10385914,0.31629175,-0.060326405,0.7332036,1.1133977,0.082054034,0.16043028,0.19445099,-0.08905814
sibɐʝɛs,0,1,1,0,-0.05304275,-0.44332957,0.85625654,0.9324994,0.11314557,0.3105046,0.82545877,1.374519,-0.45958754,0.3366513,-0.11430148,-0.45473248,0.47390196,0.22113422,-0.5872466,0.14647536,-0.0047582793,-0.25491756,-0.84083277,0.8841784,-0.07968704,-0.09114138,-0.5837291,-0.15022877,0.053205475,-0.085220166,0.9725249,0.60339427,-0.263269,-0.5047089,0.3828506,0.036668617
liliputios,0,0,1,0,0.09130464,-0.57153034,0.8706789,0.9892714,-0.08987773,-0.0041378736,0.712115,1.1855268,0.046764687,0.2134609,0.14588459,-0.01205378,0.21791089,-0.071868576,-0.7422667,0.256072,-0.064834416,-0.54249555,-0.50026137,0.80929327,0.058977935,-0.26556417,-0.42286754,-0.05061604,0.024666518,-0.15977442,1.0056313,0.6491128,-0.112564355,-0.34384757,0.74670714,-0.8299198
liɣɐ,1,1,1,0,0.55215454,-0.34071937,0.95397055,0.85069686,-0.015201477,0.07172561,0.9034086,1.6847192,-0.27889577,0.052427694,0.1213274,-0.25902563,0.65256,-0.40152186,-0.39931387,-0.18240409,-0.21164124,-0.5570239,-0.6380666,0.8853997,0.11969349,-0.88005674,-0.67113346,-0.45834392,0.37290204,-0.2623731,0.33976877,0.9385687,-0.26937512,-0.34088185,0.41145462,-0.081641026
mnimioðɛs,1,1,1,0,-0.05331838,-0.37207943,1.0779389,0.7643228,0.09798658,0.034311015,0.6469308,0.8584412,-0.014994791,0.10327902,-0.15496166,0.17516729,0.1536119,0.4848132,-0.49732906,0.112383,0.19024156,-0.16233626,-0.57262874,0.7749013,0.03584594,0.33393964,-0.7245223,0.2680372,-0.19527976,-0.088856526,0.8017178,0.69839436,0.6386124,0.13565363,0.31981722,0.042185675
mɛɣɐlos,1,1,1,1,0.20533574,-0.41955283,1.1272666,0.9001068,0.023854153,-0.2632529,0.7434657,1.3688768,-0.10193023,0.139464,-0.11323276,-0.36242306,0.6383975,-0.21752709,-0.5114609,0.19008215,-0.058623273,-0.37593505,-0.5994012,0.96097237,0.044918023,-0.2941068,-0.85807025,-0.47711492,0.07085065,-0.093804225,0.60271627,0.7405156,-0.033552382,-0.24210782,0.17765424,-0.1200855
ʝiɣɐdios,0,0,0,1,0.17208897,-0.5247442,0.9293335,0.8934933,0.02563633,-0.10261084,0.6698222,1.4285331,0.0900412,0.32160267,0.023548046,-0.44891015,0.5237843,-0.28097615,-0.7892195,0.34372705,0.165539,-0.50950205,-0.5724437,0.9096709,-0.13810451,-0.12824158,-0.4637739,-0.5439776,-0.06580379,-0.112023376,0.7906974,0.68821305,-0.39814362,-0.3875577,0.42521504,-0.53128755
tipis,0,1,0,0,0.09288982,-0.44973958,0.68520236,0.8395604,0.13659197,0.42056325,0.9265336,1.0829564,-0.5570812,0.22222494,0.23153493,-0.095822334,0.25481868,0.26447153,-0.5365458,0.12703338,-0.19193976,-0.30028602,-0.8152146,0.79063416,0.2221243,-0.3109796,-0.54264456,0.041624267,0.10639968,0.042245977,0.83426696,0.5599662,0.05750723,-0.3900642,0.67352486,0.002596491
tidaksiɡnifikan,0,1,0,0,0.2689012,-0.34287265,0.9116331,0.82449514,-0.09311788,0.09381654,0.6080476,1.6214305,0.017954666,0.31625322,-0.117163666,-0.11019614,0.3991369,-0.0027565856,-0.5867307,0.040853206,0.20858729,-0.60909986,-0.74929506,0.6384464,-0.05792625,-0.21836586,-0.604098,-0.2516108,0.21778078,-0.32156697,0.77016574,0.99405193,-0.22982192,-0.2733989,0.584987,-0.15785196
berukuransaku,1,0,0,0,0.079893835,-0.37290928,0.7336816,0.6954868,-0.22749688,-0.08910808,0.57962865,1.2625142,0.40073624,0.22847593,0.3185424,-0.17914191,0.13754109,-0.37497446,-1.0450275,0.61762935,0.22176786,-0.6055863,-0.6388683,0.66669774,-0.06424267,-0.14428218,0.08981968,-0.40164518,-0.033002555,-0.38242012,0.9668075,0.6709488,-0.28033346,-0.46838844,0.9055963,-0.91582197
baɲaksəkali,1,1,0,0,0.34805506,-0.07944955,1.0002683,0.66551346,-0.04377494,0.2610106,1.035012,1.6434343,-0.22452849,0.057106767,-0.15070951,-0.24055456,0.5065589,0.30631948,-0.49495715,-0.2133933,0.12390374,-0.36119998,-0.92179966,0.70158315,0.006472713,-0.3475534,-0.6229909,-0.2551339,0.30949724,-0.5390582,0.7733935,1.1578716,0.1447146,-0.13312133,0.36882958,0.40533236
ɡadaŋ,1,1,0,0,0.4228076,-0.021525923,0.6462446,0.7690906,0.2077258,0.3876474,1.07027,1.2353218,-0.32987383,0.54378396,-0.09987235,-0.69934744,0.38543034,0.20401868,-0.76351756,-0.12602161,0.22700314,-0.40231144,-0.9080707,0.71922827,-0.14379236,0.027224293,-0.5806051,-0.5178696,0.17146555,0.12667009,0.73293066,0.8722414,-0.29265803,-0.42871103,0.41638488,0.14014678
təbal,0,1,1,2,0.19295777,-0.1192848,0.83621925,1.0533491,0.04203152,0.40985733,1.073332,1.6737075,-0.62327826,0.033853877,-0.11158842,-0.1522439,0.56226444,0.3836258,-0.030823445,-0.5305487,-0.33417493,-0.37291405,-0.7391901,0.6856228,0.13423014,-0.6071575,-0.9870348,0.13376598,0.5617761,-0.44535214,0.6269564,1.0391433,0.11800794,-0.33427358,0.2846079,0.4205895
ʂʊtɾʊ,0,1,1,0,0.25512975,-0.41294423,0.78562236,0.47204232,0.10421114,0.58753425,0.96313506,1.0602682,-0.36509094,0.041065864,-0.11326919,-0.35008842,0.5715353,0.13489531,-0.5566936,0.27623174,0.22402437,0.08997831,-0.7487841,1.0021139,-0.15989114,0.17426926,-0.73608994,-0.28785142,-0.31609318,-0.110204056,0.44873032,0.7087446,-0.10986033,-0.10789784,0.2289443,0.66082877
ʋaʈʊ,0,1,1,0,0.03215154,-0.6014354,1.1590682,0.62557226,0.24365632,0.014235558,0.6948632,1.2289755,-0.5093597,0.09806668,-0.23554449,-0.274169,0.362544,0.29847604,-0.34340298,0.3249621,0.11321893,0.04938427,-0.9067709,1.0634835,-0.0434417,-0.19587672,-0.8005648,-0.13037439,-0.0669242,-0.38437614,0.64072794,0.5508016,-0.16667214,-0.07649418,0.47452334,0.48217806
məɾjadɪt,1,1,1,2,0.4808786,-0.018195506,0.77652687,0.89803195,0.052909095,0.26379552,1.0930479,1.3680011,-0.17316033,0.20425592,-0.20231648,-0.30262098,0.49940848,0.23429693,-0.48174903,-0.19102633,0.33766183,-0.32449597,-0.79406464,0.7357492,-0.07544175,0.14809719,-1.1678066,-0.22081451,0.31315386,-0.1003961,0.6639429,1.2027361,0.24055962,-0.123534635,0.12185565,0.38983634
ʋɪstɾʊt,1,1,1,0,0.27647567,-0.49558386,0.9723517,0.5662214,0.07604379,0.4696394,0.91708714,1.2759479,-0.25619465,-0.0111730965,-0.18676999,-0.23404987,0.60983807,0.1342993,-0.61313796,0.15768535,0.17313708,-0.033425327,-0.69979864,1.0262015,-0.07462477,-0.0045774346,-0.6730347,-0.18956335,-0.25729442,-0.124713145,0.40161768,0.78815943,-0.06003834,-0.052371047,0.27426818,0.52259594
səkoːl,1,1,1,1,-0.263584,-0.31867704,1.2984133,1.1221343,-0.103114165,0.13889478,0.82300735,1.5824693,-0.2305446,0.08329403,-0.060405962,0.09980835,0.45802203,0.2482016,-0.24064438,-0.06277086,-0.35794994,-0.3394487,-0.576049,0.93756354,0.045862205,-0.2855973,-0.82037497,0.18790126,0.4751288,-0.39288086,1.1361651,0.8380598,0.007424548,-0.3096143,0.38760504,-0.20535268
aʋeɾdaʋe,0,1,0,0,1.1370771,0.0006745806,0.36253065,0.5684962,-0.08570331,0.7824317,1.2194817,1.0622252,0.06996184,-0.074462995,-0.33986652,-0.08802629,0.45993888,0.2618725,-0.37932983,-0.6650986,0.65443814,-0.25800613,-0.41532534,0.67532045,-0.2534099,0.37781262,-1.2720839,-0.2542051,-0.2845608,-0.045738023,-0.096076995,1.398501,0.30553848,0.43029884,0.06015715,0.7509247
pɾaʃastə,0,1,0,0,0.010155584,-0.32981586,0.9441899,0.9395499,0.11811197,0.36369112,0.8745657,1.6873517,-0.48280597,0.12008917,-0.029023089,-0.1924696,0.5981387,0.30713373,-0.3748405,-0.1840843,-0.31203336,-0.3705713,-0.8990819,0.8098553,0.16720682,-0.55618536,-0.49423102,0.06931581,0.22928545,-0.41917905,0.74057764,0.78727025,0.07254327,-0.47450095,0.51251435,0.18777311
bajʃu,0,0,0,0,0.049136788,-0.39106098,0.67281795,0.77774304,0.049083594,0.09374838,0.71766037,1.0910933,0.06335135,0.32879433,0.3847732,-0.34114638,0.06932179,-0.19927633,-1.05143,0.5876451,0.20978431,-0.49158928,-0.7446595,0.7943128,-0.07419908,0.008787637,0.1048362,-0.28210774,-0.18590131,-0.098268844,1.0518706,0.40108126,-0.34693536,-0.60879266,0.88543296,-0.8215971
iziɡwu,1,0,0,0,0.37404934,-0.36826402,0.37623918,0.7602148,0.025591511,0.10803907,0.6437275,0.836213,0.2420772,0.23802261,0.56785387,-0.15907419,-0.0502846,-0.46601775,-0.8366689,0.36718714,-0.03526632,-0.7513277,-0.49284425,0.44890913,-0.005365052,-0.36229372,-0.183445,-0.17887911,0.049018264,-0.051152717,0.7808708,0.5557181,-0.33122,-0.6333518,0.8574593,-1.2848288
kuɾtu,1,0,0,0,0.23313287,-0.25891843,0.42573452,0.6782949,-0.2186031,0.19995849,0.75572747,0.94303715,0.47876674,0.07400226,0.6447057,-0.0045655775,-0.02831917,-0.5419649,-0.96107394,0.63587284,0.1377457,-0.7348473,-0.5615137,0.5158157,-0.06544619,-0.1223035,-0.1450284,-0.28858763,0.0029992587,-0.21348774,0.87892014,0.7102883,-0.33533782,-0.55477625,0.8570805,-1.1554799
loɡɐ,1,0,0,0,-0.1802223,-0.5729186,0.7019873,1.17156,0.18436436,-0.0359023,0.3457312,0.9486414,-0.27055126,0.37644768,0.13889433,-0.19538301,0.21787424,-0.19597076,-0.263746,0.029863356,-0.6523954,-0.43668061,-0.29166058,0.7553498,-0.039117612,-0.5867662,-0.3753316,0.08059843,0.13908552,0.023633543,0.961018,0.006300742,-0.52157587,-0.8518298,0.63633704,-1.1653938
pɨzadu,0,0,2,0,0.1524141,-0.3678936,0.53440034,0.6887203,0.085632145,0.11186029,0.79828095,0.9455922,0.13101442,0.4260456,0.42281523,-0.42170572,0.07708303,-0.13381256,-1.0344912,0.49104288,0.158513,-0.49899447,-0.6370206,0.63653046,-0.030987307,-0.03537803,0.036204237,-0.35956684,-0.1158922,-0.0443982,0.92672646,0.5119054,-0.1811081,-0.5437253,0.8493696,-0.9217318
ɡɾɐdɨ,0,0,2,2,0.03872725,-0.3694563,0.6994273,0.9726828,0.25829408,0.21235046,0.63771003,1.4195963,-0.3787419,0.49544182,0.077452175,-0.44011417,0.4561442,-0.15580408,-0.38711375,-0.0075926455,-0.31168595,-0.45944038,-0.69658536,0.76107484,-0.040024776,-0.4679543,-0.57595503,-0.21073502,0.3454402,-0.09049164,0.8176499,0.5512673,-0.4444112,-0.76955384,0.44093665,-0.55471593
zutah,0,0,2,0,0.23107167,-0.15950067,0.69160265,0.76695335,0.029768843,0.15859932,0.9397367,0.95821226,0.03853328,0.42688745,0.23479137,-0.28916934,0.04259051,-0.0927206,-0.98946774,0.42236736,0.23786068,-0.43895963,-0.7793414,0.74012,-0.050069585,0.21074079,-0.22988038,-0.35745892,0.0062879063,0.04418406,1.0080448,0.59803593,-0.31830102,-0.51675624,0.7953553,-0.54581636
meʕatim,1,1,2,0,0.6296846,-0.02950979,0.96289206,0.6359536,0.0316798,0.0007873634,0.915175,0.88513094,0.021537516,0.03301459,-0.3472786,-0.0037328773,0.2911595,0.2819621,-0.6332878,-0.05776935,0.6069156,-0.18864493,-0.7313515,0.7812797,-0.06894459,0.424154,-0.90786785,-0.24508025,-0.23570414,0.064957246,0.4324509,0.89370024,0.49414665,0.3094856,0.20865762,0.67155725
dakah,1,1,2,0,0.6281771,0.2780224,0.9005295,0.5814046,0.09752422,0.003827974,1.0265002,1.0132308,0.16479985,0.41111395,-0.31328967,-0.4099706,0.3296224,0.104693085,-0.8625897,-0.008706086,0.76670504,-0.16830136,-0.69754905,0.97031444,-0.37739038,0.6464552,-0.59697485,-0.7039247,-0.1966633,0.0031470328,0.62914675,0.79859895,-0.04322146,-0.0056203473,0.28397527,0.32133695
mitnose,1,1,2,0,-0.19744153,-0.42290312,1.0538815,0.96762985,0.12420929,0.2316183,0.5821329,1.2491641,-0.06341325,0.22606061,-0.12169776,0.08598622,0.34807822,0.3189243,-0.4726407,0.16512851,0.09789995,-0.31747723,-0.64684004,0.86791354,-0.060042147,0.2670944,-0.72122985,0.19651216,-0.116633,-0.15347728,0.999737,0.6061002,0.10787178,-0.28367168,0.36718595,-0.15502591
ʁam,0,1,1,0,0.027719302,0.12134449,0.9641137,0.46003696,0.23990841,-0.060771596,0.89322966,0.5108914,-0.10022662,0.08533696,-0.10291198,0.058895983,0.049840804,0.61194086,-0.551709,0.3112964,0.60601443,0.13142118,-0.71479815,0.76257485,-0.13219604,0.79737115,-0.52074647,-0.08443239,-0.32310826,-0.0056522386,0.74866986,0.4892444,0.6851029,0.30894336,0.26657662,0.80093414
ɡavoah,0,0,1,0,-0.083441414,-0.42074645,0.7320445,0.65921825,0.29811066,0.05253838,0.597747,0.77400464,0.0173817,0.61755466,0.17421386,-0.5994702,0.0204691,0.02126187,-0.9073609,0.44637895,0.24936038,-0.27464834,-0.42986384,0.72082704,-0.23756358,0.32910484,0.037429012,-0.2973812,-0.24811801,0.11517486,0.8873731,0.2874025,-0.35014018,-0.43932056,0.6198257,-0.8368808
pipklɛin,0,1,1,0,0.102965295,-0.46471432,0.8783072,0.91601664,0.0048022,0.28314677,0.7664883,1.299997,-0.24481364,0.25035545,0.04381828,0.036325064,0.31903297,0.29003158,-0.4962972,0.007675523,-0.022839721,-0.45581192,-0.7126418,0.78317857,0.07280969,-0.20474158,-0.71029717,0.057835247,0.07302371,-0.21644375,0.8773058,0.7931433,0.20131783,-0.24536154,0.6342622,-0.12412351
pøtɛrɪx,1,1,1,0,0.07446747,-0.17709,1.0475737,0.8111866,-0.09735969,0.07422886,1.0044754,0.91388774,-0.14594328,-0.079269186,-0.20667142,0.49876812,0.22121061,0.12623559,-0.3571784,0.32628378,0.03293374,-0.07566028,-1.019218,0.97798604,-0.10914546,0.033148244,-1.304477,0.24737711,0.04469351,-0.43588957,1.2217278,0.66586554,0.2098893,-0.14308904,0.6631122,0.13727264
dʏn,1,0,1,2,-0.11550808,-0.12278588,0.5519238,0.95353293,0.3056284,0.40840238,0.49967036,1.4737494,-0.14307822,0.66794515,0.11531567,-0.16221502,0.26285255,0.25828612,-0.3004145,-0.061472025,0.21196084,-0.68361276,-0.8012619,0.48423386,-0.0868629,0.26705164,-0.6889211,-0.022649845,0.36648917,-0.370659,1.2018456,0.82609993,-0.013676613,-0.7172825,0.4259318,-0.50100976
rœym,1,1,1,0,-0.23255591,-0.24356765,1.3827658,0.5344024,-0.04489433,-0.030390792,0.57625365,0.69202715,0.24567623,-0.2517338,0.057485055,0.62776273,0.22158034,0.27286914,-0.4586955,0.2660442,0.1820837,-0.070519306,-0.3842156,0.89011127,0.026568333,0.41867083,-0.47873476,0.42778635,-0.39328164,-0.19011225,0.83170533,0.5722424,0.70111287,0.34081757,0.26953852,-0.1966855
xijantɪs,0,1,1,0,0.4183528,-0.097236976,0.9191451,0.9663928,-0.04686934,0.22162719,0.9001862,1.1598529,-0.017717233,0.13922371,-0.48375955,0.23674774,0.4085474,0.09868693,-0.3754373,-0.026775232,0.27846184,-0.27823874,-0.8862929,0.91953063,-0.17987557,0.20645222,-1.391219,0.070872344,0.109210536,-0.1755092,0.7720017,0.8497761,-0.058084838,-0.19331953,0.42038894,0.29544833
xrot,0,1,1,0,0.09997067,-0.048095316,0.873834,0.76612437,-0.22634916,0.47101963,0.9967468,0.6872225,0.10640614,-0.02114827,-0.20106177,0.8874055,0.18182522,0.20427345,-0.32048073,0.24791212,0.038520824,-0.1423525,-0.9389179,0.8539997,-0.13716161,0.37672982,-1.4465572,0.4632627,0.04463686,-0.20071124,1.1196631,0.6677383,0.13375911,-0.16441332,0.72706103,0.07808594
nɛvɛlɪkɪj,0,1,1,0,0.29308844,-0.18079846,0.9903351,0.8063159,-0.12731043,0.18595666,0.80578256,1.234143,0.13313447,0.21444155,-0.30438337,-0.12651964,0.24482132,0.13197878,-0.55321807,0.084141634,0.5175777,-0.38620687,-0.6255392,0.7231974,-0.31452262,0.37728924,-0.9853372,-0.2373896,0.10184112,-0.07445669,0.7068749,1.0803266,-0.022601433,0.08189122,0.23157468,0.16882037
kɔmpaktnɪj,1,1,1,0,-0.061458968,-0.2785205,1.1286604,0.692452,0.0939997,-0.10962236,0.6615031,1.0409734,-0.076789185,0.17381017,-0.09915421,-0.046323303,0.30082446,0.2763281,-0.75894463,0.4302921,0.26238936,-0.14154147,-0.7997022,0.8395311,-0.020955991,0.17386985,-0.4244627,-0.109375015,-0.16178699,-0.21147114,0.9891516,0.52540237,0.32414567,-0.15205356,0.44992837,0.11685644
mizɛrnɪj,1,1,1,0,0.15555325,-0.24676111,0.9314973,0.98269236,0.1072055,0.24977252,0.71367186,1.2923276,-0.14445406,0.29235852,-0.33534592,-0.051604245,0.43874457,0.39904565,-0.51645803,-0.062482804,0.3317504,-0.32416835,-0.7716487,0.8232335,-0.09263185,0.35081497,-0.9237449,0.069231935,-0.010300978,-0.059587043,0.7833398,0.7854334,0.19234942,-0.16665716,0.30151355,0.2837382
tɪtanʲik,1,1,1,0,0.11594612,-0.29017174,0.958718,0.7737429,0.020720895,0.28795034,0.6948254,1.3567263,-0.13331634,0.28542387,-0.1742459,-0.18022424,0.24351674,0.25601682,-0.6792727,0.14008564,0.42340618,-0.45062682,-0.90775955,0.77104604,-0.075692214,0.20115025,-0.4770688,-0.17201017,-0.05072177,-0.12945087,0.8419679,0.8334448,-0.078152195,-0.20148686,0.44118956,0.18010896
dɔvɦɪj,0,1,2,0,0.03934556,-0.3144109,1.0848227,0.51608145,0.056062426,0.119423926,0.80399805,1.1253214,0.22364959,0.24638894,-0.08745053,-0.3126286,0.4942236,-0.047955472,-0.8350762,0.4900059,0.49787512,-0.122026436,-0.49011245,1.011523,-0.35686833,0.5404409,-0.47646725,-0.4889972,-0.30894047,-0.05290723,0.8116247,0.7038889,-0.15665467,-0.10616746,0.20006265,-0.116512574
kɔlɔsalʲnɪj,0,1,2,0,0.11036106,-0.2730986,1.0379292,0.95386785,-0.073587455,0.18812543,0.7689993,1.4971658,-0.19297256,0.34914774,-0.26857567,-0.12593338,0.36590302,0.2779182,-0.47351488,-0.0018810557,0.05262473,-0.44282684,-0.80311227,0.6924986,-0.078816794,-0.11654409,-0.8394893,-0.109611206,0.3087144,-0.27940857,1.0142148,0.96853244,0.012126672,-0.23019943,0.47438475,-0.027660314
mɔklɛ,0,1,2,0,0.10723614,-0.016593233,1.4866881,0.9085965,0.020867221,-0.2754823,0.8417907,0.92437226,-0.11278642,0.11042907,-0.3670819,0.2358888,0.13833214,0.15146802,-0.32802403,0.12806796,0.047623996,-0.18084054,-0.79806155,0.8970206,-0.017488888,0.19849004,-1.2421185,-0.06382404,0.23095392,0.0042656017,0.87198555,0.6995936,0.24283199,0.13776313,0.25526372,0.36537474
mɔkɾd͡zɑlɛbuli,1,1,2,0,0.42869216,-0.06065405,1.2077392,0.8228586,-0.17919452,-0.3330012,0.8146623,1.1869104,0.24545346,0.15538964,-0.33823863,0.017425219,0.25065464,-0.00662662,-0.6579897,0.16565603,0.4086702,-0.33849388,-0.6524671,0.7694481,-0.106544875,0.17932096,-0.9574204,-0.3396027,0.20824324,-0.1665187,0.7236819,0.98592156,0.2090656,0.17196956,0.3053624,0.114920184
ɑɾɑɑdɛkvɑtuɾi,1,1,2,0,0.1856892,-0.24837424,0.94890857,0.5907176,-0.14714348,-0.20733844,0.74272066,1.1647459,0.52477664,0.31887633,0.008507171,-0.19936806,0.14872152,-0.02494522,-1.038721,0.61255515,0.669267,-0.3646518,-0.5381072,0.70121276,-0.33154234,0.4330955,-0.3103995,-0.40156195,-0.13543032,-0.27460563,0.95408213,0.84418654,0.017139712,0.037622213,0.5646397,-0.40778834
uzɑɾmɑzɑɾi,1,1,2,0,0.17200868,-0.09401065,1.0564358,0.78714037,-0.03744828,-0.038527925,0.8744465,1.0231096,0.012967542,0.09128007,-0.11303137,-0.021649068,0.10865477,0.2831971,-0.78313756,0.37427625,0.5511562,-0.27124465,-0.86509734,0.8095925,-0.13538833,0.44287163,-0.725156,-0.15005836,-0.06402689,-0.16481544,0.9604681,0.8264802,0.33686373,0.056489732,0.33205155,0.39722264
uxvi,0,1,2,0,0.63552195,0.20586611,0.70371807,0.7209607,-0.29537278,0.19256538,1.0825994,0.9334144,0.37172392,-0.19651759,0.19504134,0.6900988,0.114604264,-0.48299137,-0.54054046,0.28768948,0.23239425,-0.6072795,-0.8935361,0.67150766,-0.06261945,-0.03532201,-1.4244385,-0.040145453,0.34155822,-0.33750823,0.77193016,1.1396799,-0.09644364,-0.29957488,0.7371066,-0.12687746
ɡiɡɑnti,0,0,2,0,0.06814176,-0.40850422,0.71403307,1.1177495,0.08102174,0.3073354,0.5956472,1.3567446,-0.43083242,0.34800258,-0.01256697,-0.10957664,0.17934299,0.17250468,-0.32781243,-0.13311386,-0.16367736,-0.5918783,-0.80012,0.6315062,-0.0037247473,-0.3803164,-0.73318475,0.09165706,0.31965962,-0.11614435,0.9370639,0.62390316,-0.28895336,-0.5516617,0.5950982,-0.23351508
ɑzɑldɯlmɯʃ,0,1,2,1,-0.28231993,-0.2930794,1.4887717,0.93293923,-0.0757335,-0.35248658,0.56445974,1.2379311,0.24068703,-0.1030551,-0.13591677,0.4391569,0.21226859,0.15237829,-0.23933098,0.18282166,0.051941477,-0.31555554,-0.403025,0.8604084,-0.064371035,0.123909585,-0.8776218,0.29917508,0.045868047,-0.692482,1.2415512,0.87091625,0.49281287,0.09716272,0.26555544,-0.4638316
æhæmijjæt͡siz,1,1,2,0,0.3701749,-0.21536356,0.92944634,0.73079,0.07909564,-0.10530666,0.9376524,1.0553858,-0.13791783,0.30802977,-0.32606426,-0.19022845,0.3005351,0.4112759,-0.80786633,0.102306254,0.4927443,-0.12075985,-0.8153488,0.79711604,-0.007839191,0.31251577,-0.8001899,-0.22009733,0.072285734,0.032639842,0.79578227,0.802142,0.3260402,0.097701326,0.35009253,0.36389437
miniɑtyɾ,1,1,2,0,-0.004739221,-0.2963041,0.9861508,0.82549506,0.06253544,0.14734018,0.61820287,1.176573,0.095613085,0.22652097,-0.13396873,0.08922454,0.25522208,0.3158949,-0.5232956,0.16091096,0.4116704,-0.41539136,-0.6329862,0.746387,-0.115757555,0.43714958,-0.7602457,0.039472505,-0.12270223,-0.1833817,0.88992417,0.81524736,0.25861362,-0.040373612,0.28012937,0.050557543
mœhtæʃæm,1,1,2,0,0.3003411,-0.050737,1.1163291,0.6263751,0.017362336,0.041223187,0.871028,0.73406684,0.054680154,-0.07463652,-0.30650634,0.28165394,0.31285733,0.39775696,-0.46688646,0.031575955,0.4236592,-0.04904104,-0.6223224,0.82338554,-0.10567853,0.45536,-1.0212849,0.12299763,-0.2491737,-0.0407997,0.6542668,0.76666826,0.6510949,0.33434576,0.11304731,0.41844812
